/*
Navicat MySQL Data Transfer

Source Server         : w
Source Server Version : 50714
Source Host           : localhost:3306
Source Database       : lefeng

Target Server Type    : MYSQL
Target Server Version : 50714
File Encoding         : 65001

Date: 2018-12-04 17:04:45
*/

SET FOREIGN_KEY_CHECKS=0;

-- ----------------------------
-- Table structure for cart
-- ----------------------------
DROP TABLE IF EXISTS `cart`;
CREATE TABLE `cart` (
  `id` int(11) NOT NULL,
  `user` varchar(255) DEFAULT NULL,
  `name` varchar(255) DEFAULT NULL COMMENT '商品名称',
  `imageUrl` varchar(255) DEFAULT NULL,
  `size` varchar(255) DEFAULT NULL COMMENT '规格',
  `num` int(11) DEFAULT NULL,
  `orig` float(10,1) DEFAULT NULL COMMENT '原价',
  `unit` float(10,1) DEFAULT NULL COMMENT '总价',
  `timer` timestamp NULL DEFAULT CURRENT_TIMESTAMP ON UPDATE CURRENT_TIMESTAMP,
  `listid` int(11) NOT NULL AUTO_INCREMENT,
  PRIMARY KEY (`id`,`listid`)
) ENGINE=MyISAM AUTO_INCREMENT=11 DEFAULT CHARSET=utf8;

-- ----------------------------
-- Records of cart
-- ----------------------------
INSERT INTO `cart` VALUES ('1', '13235947876', ' 梦妆梦妆MAMONDE 花植研究鱼腥草温和净肤泥膜 100ml ', 'img/G01.jpg', '100ml', '3', '169.0', '169.0', '2018-12-04 16:14:17', '1');
INSERT INTO `cart` VALUES ('2', '13235947877', 'PF79PF79 鲜果珍萃面膜 24片 补水保湿 清爽控油', 'img/G02.jpg', '24p', '4', '139.0', '79.0', '2018-12-04 16:20:42', '1');
INSERT INTO `cart` VALUES ('7', '13235947877', '膜法世家【学生党剁手款】膜法世家竹萃滢润嫩肤蚕丝面膜20片', 'img/G07.jpg', '20片', '1', '398.0', '79.0', '2018-12-04 16:39:33', '1');
INSERT INTO `cart` VALUES ('4', '13235947876', '雅芳雅芳艳阳晒后修复冰露 100g 防晒 面膜 ', 'img/G04.jpg', '100g', '2', '49.0', '23.0', '2018-12-04 16:19:55', '1');
INSERT INTO `cart` VALUES ('9', '13235947876', '花瑶花【告别沙漠肌】花瑶花 仙人掌补水透亮面膜 20片 补水面膜', 'img/G09.jpg', '', '5', '316.0', '69.0', '2018-12-04 16:03:32', '1');
INSERT INTO `cart` VALUES ('8', '13235947877', '膜法世家【拯救电脑肌】膜法世家草莓酸奶保湿嫩肤面膜125g 拯救电脑肌', 'img/G08.jpg', '125G/盒', '1', '116.0', '79.0', '2018-12-04 15:48:29', '1');
INSERT INTO `cart` VALUES ('11', '13235947877', '韩后【美容仪式面膜】韩后 金装达人补水修护二合一套盒18片 深入补水 保湿修护 面膜', 'img/G11.jpg', '25ml/片', '1', '299.0', '109.0', '2018-12-04 15:59:51', '1');
INSERT INTO `cart` VALUES ('15', '13235947877', '御泥坊御泥坊小肌御鲜嫩美莓面膜套装21片 补水面膜', 'img/G15.jpg', '21片', '1', '298.0', '89.0', '2018-12-04 15:59:59', '1');
INSERT INTO `cart` VALUES ('4', '13235947877', '雅芳雅芳艳阳晒后修复冰露 100g 防晒 面膜 ', 'img/G04.jpg', '100g', '4', '49.0', '23.0', '2018-12-04 16:20:25', '2');
INSERT INTO `cart` VALUES ('29', '13235947877', ' 韩束【白菜价养通透肌】韩束 黑石榴沁润面贴膜20片 净润面膜贴 ', 'img/G29.jpg', '', '1', '300.0', '95.0', '2018-12-04 16:21:23', '1');

-- ----------------------------
-- Table structure for index
-- ----------------------------
DROP TABLE IF EXISTS `index`;
CREATE TABLE `index` (
  `id` int(11) NOT NULL,
  `title` varchar(255) DEFAULT NULL COMMENT '标题',
  `small` varchar(255) DEFAULT '' COMMENT '小标题',
  `images` varchar(255) DEFAULT NULL COMMENT '照片地址',
  `discount` varchar(255) DEFAULT NULL COMMENT '折扣',
  `orig` varchar(255) DEFAULT NULL COMMENT '原价',
  `now` varchar(255) DEFAULT '' COMMENT '现价',
  `timer` timestamp NULL DEFAULT CURRENT_TIMESTAMP ON UPDATE CURRENT_TIMESTAMP,
  PRIMARY KEY (`id`)
) ENGINE=MyISAM DEFAULT CHARSET=utf8;

-- ----------------------------
-- Records of index
-- ----------------------------
INSERT INTO `index` VALUES ('1', '一叶子直降专场', '', 'img/sale01.jpg', '', '', '', '2018-11-26 14:19:52');
INSERT INTO `index` VALUES ('2', '欧莱雅护肤', '4.9折起', 'img/sale02.jpg', '', '', '', '2018-11-26 14:20:07');
INSERT INTO `index` VALUES ('3', '欧莱雅彩妆', '人气口红强势补货', 'img/sale03.jpg', '', '', '', '2018-11-26 14:20:07');
INSERT INTO `index` VALUES ('4', '自然堂彩妆', '全场爆款直降', 'img/sale04.jpg', '', '', '', '2018-11-26 14:20:07');
INSERT INTO `index` VALUES ('5', '韩束直降专场', '', 'img/sale05.png', '', '', '', '2018-11-26 14:20:07');
INSERT INTO `index` VALUES ('6', '小迷糊', '直降1.5折起', 'img/sale06.jpg', '', '', '', '2018-11-26 14:20:07');
INSERT INTO `index` VALUES ('7', '玉兰油', '大红瓶强势补货', 'img/sale07.jpg', '', '', '', '2018-11-26 14:20:07');
INSERT INTO `index` VALUES ('8', '御泥坊', '3.6折起', 'img/sale08.jpg', '', '', '', '2018-11-26 14:20:07');
INSERT INTO `index` VALUES ('9', '丸美', '全场直降', 'img/sale09.jpg', '', '', '', '2018-11-26 14:20:07');
INSERT INTO `index` VALUES ('10', '珀莱雅', '2折起', 'img/sale10.jpg', '', '', '', '2018-11-26 14:20:07');
INSERT INTO `index` VALUES ('11', '欧诗漫', '人气爆款低至百元', 'img/sale11.jpg', '', '', '', '2018-11-26 14:20:07');
INSERT INTO `index` VALUES ('12', '百雀羚', '全场1.7折', 'img/sale12.jpg', '', '', '', '2018-11-26 14:20:07');
INSERT INTO `index` VALUES ('13', '阿芙', '眼部三件套低至99元', 'img/sale13.jpg', '', '', '', '2018-11-26 14:20:07');
INSERT INTO `index` VALUES ('14', '魔法医生旗舰店', '2.2折起', 'img/sale14.jpg', '', '', '', '2018-11-26 14:20:07');
INSERT INTO `index` VALUES ('15', '美即', '全场1.3折起', 'img/sale15.jpg', '', '', '', '2018-11-26 14:20:07');
INSERT INTO `index` VALUES ('16', '丽得姿', '低至2.2折起', 'img/sale16.jpg', '', '', '', '2018-11-26 14:20:07');
INSERT INTO `index` VALUES ('17', '高姿', '爆款低至1.8折起', 'img/sale17.jpg', '', '', '', '2018-11-26 14:20:07');
INSERT INTO `index` VALUES ('18', '相宜本草', '全场直降', 'img/sale18.jpg', '', '', '', '2018-11-26 14:20:07');
INSERT INTO `index` VALUES ('19', '姬芮', '爆款直降', 'img/sale19.jpg', '', '', '', '2018-11-26 14:20:07');
INSERT INTO `index` VALUES ('20', '美宝莲', '直降专场', 'img/sale20.jpg', '', '', '', '2018-11-26 14:20:07');
INSERT INTO `index` VALUES ('21', '卡姿兰', '小红唇盛装开售', 'img/sale21.jpg', '', '', '', '2018-11-26 14:20:07');
INSERT INTO `index` VALUES ('22', 'Larastyle', '0.9折起', 'img/sale22.jpg', '', '', '', '2018-11-26 14:20:07');
INSERT INTO `index` VALUES ('23', '袋鼠妈妈', '孕期护肤品牌', 'img/sale23.jpg', '', '', '', '2018-11-26 14:20:07');
INSERT INTO `index` VALUES ('24', '佰草集', '国货精粹4.8折起', 'img/sale24.jpg', '', '', '', '2018-11-26 14:19:58');
INSERT INTO `index` VALUES ('25', '花印', '全场直降', 'img/sale25.jpg', '', '', '', '2018-11-26 14:19:58');
INSERT INTO `index` VALUES ('26', '温碧泉', '3.3折起', 'img/sale26.jpg', '', '', '', '2018-11-26 14:19:58');
INSERT INTO `index` VALUES ('27', '袋鼠妈妈袋鼠妈妈 燕窝深润臻颜4件套 孕妇护肤品孕妇化妆品孕期', '', 'img/fresh01.jpg', '7.2', '358', '257', '2018-11-26 14:20:18');
INSERT INTO `index` VALUES ('28', '法兰琳卡玫瑰花苞多用水凝霜（面霜·面膜）500g 其他颜色', '', 'img/fresh02.jpg', '9.2', '158', '145', '2018-11-26 14:20:18');
INSERT INTO `index` VALUES ('29', 'peripera菲丽菲拉滢酷滤镜气垫粉底 象牙色', '', 'img/fresh03.jpg', '7.1', '112', '79', '2018-11-26 14:20:18');
INSERT INTO `index` VALUES ('30', '菲拉格慕【持久留香】菲拉格慕FERRAGAMO峰范男士淡香水', '', 'img/fresh04.jpg', '8.0', '500', '400', '2018-11-26 14:20:18');
INSERT INTO `index` VALUES ('31', '薇欧薇VOV盈润隔离霜30ml（王牌爆款）隔离保 妆前打底 遮瑕', '', 'img/fresh05.jpg', '6.2', '158', '98', '2018-11-26 14:20:18');
INSERT INTO `index` VALUES ('32', '植村秀植村秀净透焕颜洁颜油超值组合 便携 清洁保湿', '', 'img/fresh06.jpg', '9.9', '158', '156', '2018-11-26 14:20:18');
INSERT INTO `index` VALUES ('33', '火烈鸟火烈鸟flamingo丛林花火璀璨眼影 眼影盘 轻舞幽粉', '', 'img/fresh07.jpg', '7.2', '79', '57', '2018-11-26 14:20:18');
INSERT INTO `index` VALUES ('34', '菲拉格慕【神秘大胆东方果香】菲拉格慕FERRAGAMO 玄魅伊人女', '', 'img/fresh08.jpg', '8.0', '1,290', '1,032', '2018-11-26 14:20:19');
INSERT INTO `index` VALUES ('35', '卡姿兰【乐华七子同款】卡姿兰Carslan乐华七子代言小红唇胶原美', '', 'img/fresh09.jpg', '7.10', '139', '115', '2018-11-26 14:20:19');
INSERT INTO `index` VALUES ('36', '菲诗小铺【水润触感唇膏】THE FACE SHOP 菲诗小铺 水润触感唇', '', 'img/fresh10.jpg', '8.3', '367', '266', '2018-11-26 14:20:19');
INSERT INTO `index` VALUES ('37', '气韵【焕现水活美肌】百雀羚气韵 肌源透润恒采美肌水100ml 水润', '', 'img/fresh11.jpg', '7.6', '89', '267', '2018-11-26 14:20:19');
INSERT INTO `index` VALUES ('38', '卡姿兰【乐华七子同款】卡姿兰Carslan乐华七子代言小红唇胶原美', '', 'img/fresh12.jpg', '7.13', '369', '68', '2018-11-26 14:20:19');
INSERT INTO `index` VALUES ('39', '玉兰油玉兰油OLAY新生塑颜纤眸走珠精华笔6ml抗皱淡 眼部精', '', 'img/fresh13.jpg', '7.7', '168', '129', '2018-11-26 14:20:19');
INSERT INTO `index` VALUES ('40', '欧莱雅【朱一龙热荐】欧莱雅积雪草微精华露+粉底液 礼盒装 ', '', 'img/fresh14.jpg', '8.3', '139', '115', '2018-11-26 14:20:19');
INSERT INTO `index` VALUES ('41', '相宜本草【蚕丝蛋白细密补水】相宜本草 四倍蚕丝凝亮', '', 'img/fresh15.jpg', '7.6', '190', '145', '2018-11-26 14:20:19');
INSERT INTO `index` VALUES ('42', '博柏利博柏利BURBERRY红粉恋歌女士香氛100ml清新花果香调', '', 'img/fresh16.jpg', '5.6', '660', '369', '2018-11-26 14:20:19');
INSERT INTO `index` VALUES ('43', 'peripera菲丽菲拉滢酷滤镜气垫粉底 米色', '', 'img/fresh17.jpg', '8.7', '374', '273', '2018-11-26 14:20:19');
INSERT INTO `index` VALUES ('44', '蒂佳婷【欧阳娜娜力荐】蒂佳婷Dr.Jart+毛孔平衡泡泡黑面膜 抖音', '', 'img/fresh18.jpg', '7.19', '159', '139', '2018-11-26 14:20:19');
INSERT INTO `index` VALUES ('45', '嘉媚乐【紧致保湿洗面奶】嘉媚乐 杏仁多效赋活洁颜乳 120g 洁面', '', 'img/fresh19.jpg', '6.7', '990', '668', '2018-11-26 14:20:19');
INSERT INTO `index` VALUES ('46', '珀莱雅【修护初老微瑕】珀莱雅 紧致肌密焕颜修护乳120ml 提拉紧', '', 'img/fresh20.jpg', '8.0', '178', '142', '2018-11-26 14:20:19');

-- ----------------------------
-- Table structure for list
-- ----------------------------
DROP TABLE IF EXISTS `list`;
CREATE TABLE `list` (
  `id` int(11) NOT NULL,
  `keyword` varchar(255) DEFAULT NULL,
  `name` varchar(255) DEFAULT NULL COMMENT '商品名称',
  `title` varchar(255) DEFAULT NULL,
  `listimagesUrl` varchar(255) DEFAULT NULL COMMENT '照片地址',
  `goodsimagesUrl` varchar(255) DEFAULT NULL,
  `brandimagesUrl` varchar(255) DEFAULT NULL,
  `discount` float(255,1) DEFAULT NULL COMMENT '折扣',
  `orig` float(255,1) DEFAULT NULL COMMENT '原价',
  `now` float(255,1) DEFAULT NULL COMMENT '现价',
  `num` int(11) DEFAULT NULL,
  `brandname` varchar(255) DEFAULT NULL,
  `year` varchar(255) DEFAULT NULL,
  `size` varchar(255) DEFAULT NULL,
  `trait` varchar(255) DEFAULT NULL COMMENT '特点',
  `made_in` varchar(255) DEFAULT NULL,
  `PN` varchar(255) DEFAULT NULL,
  `beizhu` varchar(255) DEFAULT NULL,
  `timer` timestamp NULL DEFAULT CURRENT_TIMESTAMP ON UPDATE CURRENT_TIMESTAMP,
  PRIMARY KEY (`id`)
) ENGINE=MyISAM DEFAULT CHARSET=utf8;

-- ----------------------------
-- Records of list
-- ----------------------------
INSERT INTO `list` VALUES ('1', '面膜', ' 梦妆梦妆MAMONDE 花植研究鱼腥草温和净肤泥膜 100ml ', '，控油去角质，打造洁净光滑美肌', 'img/list01.jpg', 'img/G01.jpg', 'img/mamonde.png', '10.0', '169.0', '169.0', null, '梦妆', '2020', '100ml', '清洁角质，净化油脂，洁净光滑，水润温和', '广东', '6.93042E+12', '包装：不同批次包装不同，具体以收到的实物为准。', '2018-11-30 22:01:33');
INSERT INTO `list` VALUES ('2', '面膜', 'PF79PF79 鲜果珍萃面膜 24片 补水保湿 清爽控油', '#6种水果 还你水嫩肌#凝聚多种水果精华，补水保湿，滋养肌肤解决肌肤干渴；铸造润白柔软肌肤，Q弹滋养，让肌肤水润饱满。', 'img/list02.jpg', 'img/G02.jpg', 'img/pf79.png', '5.7', '139.0', '79.0', null, 'PF79', '2019', '24p', '补水，保湿，控油', '北京', '6.9565E+12', '包装：有外盒有塑封', '2018-11-30 21:54:45');
INSERT INTO `list` VALUES ('3', '面膜', '阿芙AFU阿芙玫瑰精油提亮嫩肤竹炭黑面膜 12片 提亮补水 补水面膜', '#镇店明星，网红精油黑膜#竹炭黑膜，补水·亮肤·美白·细嫩一贴搞定！竹炭纤维吸附污垢油腻，将天然玫瑰精萃注入肌肤，层层渗透，从内而外焕发光采', 'img/list03.jpg', 'img/G03.jpg', 'img/afu.jpg', '4.5', '218.0', '99.0', null, '阿芙', '2020', '12片', '补水，保湿', '广东', '6.93678E+12', '', '2018-11-30 21:54:54');
INSERT INTO `list` VALUES ('4', '面膜', '雅芳雅芳艳阳晒后修复冰露 100g 防晒 面膜 ', '雅芳晒后修复冰露，清爽啫喱质地，含冰凉因子，有效舒缓肌肤；天然芦荟和维E，舒缓同时补充水分和养分。', 'img/list04.jpg', 'img/G04.jpg', 'img/yafang.png', '4.7', '49.0', '23.0', null, '雅芳', '2021', '100g', '植物精华，有效舒缓，清凉因子，恢复柔嫩', '中国', '6.95165E+12', '包装：裸装密封', '2018-11-30 21:55:16');
INSERT INTO `list` VALUES ('5', '面膜', '一叶子【国民补水干货】一叶子 嫩花果亮颜补水面膜礼盒22片 补水面膜套装', '#精挑细选零失误#', 'img/list05.jpg', 'img/G05.jpg', 'img/yiyezi.png', '3.9', '229.0', '89.0', null, '一叶子', '2021', '22片', '#精挑细选零失误#，一叶子补水面膜套装，补水，修护，排浊，肌肤循序改善，密集滋养，持续补水，散发水嫩净透光彩，推荐干燥暗淡，肌肤使用', '', '6.9314E+12', '有花盒塑封', '2018-11-30 21:52:36');
INSERT INTO `list` VALUES ('6', '面膜', '菲诗小铺【自然呵护“膜”力】THE FACE SHOP 菲诗小铺 自然之源芦荟面膜10片/黄瓜面膜10片 面膜套装', '#天然美肌面膜#菲诗小铺 自然之源自然之源芦荟面膜10片/黄瓜面膜10片 面膜套装，自然压榨萃取工艺，0.21mm植物纤维面膜布锁住充足精华，为肌肤补充自然营养', 'img/list06.jpg', 'img/G06.jpg', 'img/feishixiaopu.jpg', '3.7', '200.0', '75.0', null, '菲诗小铺', '2020', '均码', '舒缓温和，保湿补水', '中国，原产地：韩国', '8.80612E+12', '', '2018-11-30 17:54:58');
INSERT INTO `list` VALUES ('7', '面膜', '膜法世家【学生党剁手款】膜法世家竹萃滢润嫩肤蚕丝面膜20片', '#给肌肤喝饱水#膜法世家补水面膜，滢润补水 亮泽嫩肤，含丰富的竹萃精华，补水保湿，牢牢锁住水分，肌肤水漾透现。', 'img/list07.jpg', 'img/G07.jpg', 'img/mofashijia.jpg', '2.0', '398.0', '79.0', null, '膜法世家', '2020', '20片', '滢润补水 亮泽嫩肤', '中国', '6.92088E+12', '有外盒有塑封', '2018-11-30 17:53:29');
INSERT INTO `list` VALUES ('8', '面膜', '膜法世家【拯救电脑肌】膜法世家草莓酸奶保湿嫩肤面膜125g 拯救电脑肌', '#让肌肤光采照人#膜法世家嫩肤面膜。滋养保湿，亮采嫩肤。焕活力草莓+滋养酸奶，给肌肤润泽享受，令肌肤水嫩光泽', 'img/list08.jpg', 'img/G08.jpg', 'img/mofashijia.jpg', '6.8', '116.0', '79.0', null, '膜法世家', '2020', '125G/盒', '滋养保湿，亮采嫩肤', '中国', '6.92088E+12', '有外盒有塑封', '2018-11-30 17:53:29');
INSERT INTO `list` VALUES ('9', '面膜', '花瑶花【告别沙漠肌】花瑶花 仙人掌补水透亮面膜 20片 补水面膜', '\"补水保湿实力派\"清洁面膜紧致肌肤，提升肌肤活力；用完卸妆水，洗面奶洁面后敷一片有浓浓精华的补水面膜，抵过护肤品套装，配合补水喷雾；来自于御泥坊集团,小', 'img/list09.jpg', 'img/G09.jpg', 'img/huayaohua.png', '2.2', '316.0', '69.0', null, '花瑶花', '', '', '', '中国大陆', 'TM201803124189', '', '2018-11-30 17:54:56');
INSERT INTO `list` VALUES ('10', '面膜', '自然堂【TFBOYS推介】自然堂 雪茶平衡保湿面膜 5片 补水面膜 ', '#平价面膜战斗机#清盈补水并帮助平衡油脂分泌，肌肤自然清新净透，不泛油光！', 'img/list10.jpg', 'img/G10.jpg', 'img.zirantang.png', '8.1', '48.0', '39.0', null, '自然堂', '2020', '5片', '补水保湿，润肤', '中国', '6.94799E+12', '包装：有外盒有塑封', '2018-11-30 22:02:11');
INSERT INTO `list` VALUES ('11', '面膜', '韩后【美容仪式面膜】韩后 金装达人补水修护二合一套盒18片 深入补水 保湿修护 面膜', '#补水修护面膜#双效合一，补水深入肌底，并修护受损肌肤，肌肤呈现通透水光，细滑嫩白', 'img/list11.jpg', 'img/G11.jpg', 'img/hanhuo.png', '3.6', '299.0', '109.0', null, '韩后', '2020', '25ml/片', '补水嫩滑', '广东', '6.94885E+12', '', '2018-11-30 17:54:55');
INSERT INTO `list` VALUES ('12', '面膜', '高姿高姿COGI 一片时光面膜缤纷礼盒 补水 舒缓面膜 净透亮肤', '', 'img/list12.jpg', 'img/G12.jpg', 'img/COGI.png', '2.2', '353.0', '79.0', null, '高姿', '2020', '25ml/片', '补水、透亮', '中国大陆', '6.94586E+12', '', '2018-11-30 17:55:27');
INSERT INTO `list` VALUES ('13', '面膜', '丽得姿【 施展肌肤黑膜力】丽得姿leaders 玫瑰润颜黑炭调理面膜12片 补水面膜 ', '#备长炭负离子黑面膜# 提亮肤色、平衡油脂！高温获取黑炭粉，深层净化肌肤；以黑吸“黑”，塑造“零毛孔”瓷肌！', 'img/list13.jpg', 'img/G13.jpg', 'img/lidezi.png', '1.8', '432.0', '79.0', null, '丽得姿', '2020', '12片', '危“肌”四伏,肌肤急需大扫除！拯救油光、毛孔肌！高温获取黑炭粉，6倍超强吸附力，深层净化肌肤；', '中国大陆', '6.93411E+12', '包装：有外盒有塑封', '2018-11-30 21:55:58');
INSERT INTO `list` VALUES ('14', '面膜', '美即美即MG清透膜力面膜20片 玫瑰花萃 牛油果润 气垫新品', '源自创新气垫膜布，细软服帖，锁住超多丰沛精华！蕴含三重玫瑰纯露，三重果萃润泽--牛油果、奇异果、紫葡。卓效保湿、温和舒缓，令干皮恢复水灵、光滑。提亮醒', 'img/list14.jpg', 'img/G14.jpg', 'img/mg.png', '1.7', '400.0', '69.0', null, '美即', '2021', '均码', '滋润，补水，提亮肤色', '中国', '123-2', '', '2018-11-30 17:54:51');
INSERT INTO `list` VALUES ('15', '面膜', '御泥坊御泥坊小肌御鲜嫩美莓面膜套装21片 补水面膜', '#补水面膜鲜果亮肤#男女式插画定制版爆款白膜全新升级，精选鲜活水果，融入uniHydra精粹配方，适用于多种肤质，具深层补水、提亮肤色功效！', 'img/list15.jpg', 'img/G15.jpg', 'img/yunifang.png', '3.0', '298.0', '89.0', null, '御泥坊', '2020', '21片', '补水亮肤，水润弹嫩', '中国', '6.95144E+12', '包装：有外盒有塑封', '2018-11-30 17:53:29');
INSERT INTO `list` VALUES ('16', '面膜', 'Dr.Ci:Labo【33ml大容量补水】日本城野医生亲研 Dcl水凝胶原深层保湿补水面膜5片 其他颜色', '＃仅需一片，让肌肤喝饱水＃每片面膜含33ml的美肌精华，让肌肤浸润在水库中遨游。', 'img/list16.jpg', 'img/G16.jpg', null, '9.0', '300.0', '270.0', null, 'Dr.Ci:Labo', '2020', '5片', '胶原蛋白+透明质酸，改善肌肤缺水', '日本', '4.52473E+12', '', '2018-11-30 17:54:48');
INSERT INTO `list` VALUES ('17', '面膜', '瓷妆瓷妆 净光清颜补水保湿白皙 面膜套装 12片', '天然火山泥深入清洁肌肤残留彩妆、空气灰尘等肌肤隐蔽大敌，吸吸乐包装便捷卫生实力可爱~', 'img/list17.jpg', 'img/G17.jpg', 'img/cizhuang.png', '2.5', '159.0', '39.0', null, '瓷妆', '2020', '均码', '火山泥，深层清洁，除垢控油', '中国', '6.9408E+12', '包装：沙袋装', '2018-11-30 21:56:28');
INSERT INTO `list` VALUES ('18', '面膜', '丸美【淡纹保湿面膜】MARUBI 丸美 弹力蛋白凝时紧致面膜6片/盒 面膜', '#自带V脸功效#锁定肌肤皱纹松弛问题，薄薄一层，承载满满精华液，淡化细纹，给予密集宠护滋养，令肌肤水嫩润弹', 'img/list18.jpg', 'img/G18.jpg', 'img/wanmei.png', '2.0', '288.0', '58.0', null, '丸美', '2022', '6片/盒', '紧致淡纹，提拉滋养', '中国', '6.93096E+12', '有外盒有塑封', '2018-11-30 21:56:32');
INSERT INTO `list` VALUES ('19', '面膜', '嘉媚乐【特证美白泥膜】嘉媚乐 萃白新肌面膜 220g 美白清洁面膜', '#敷出白嫩美肌#嘉媚乐人气大白泥，高口碑星品，持祛斑类特证，天然植物温和美白，泥膜质地，深层清洁、保湿美白提亮3效合1，打造光感透白美肌。', 'img/list19.jpg', 'img/G19.jpg', 'img/jiameile.png', '4.2', '252.0', '105.0', null, '嘉媚乐', '2020', '220g', '美白，淡斑，平衡，保湿', '中国大陆', '6.93391E+12', '有外盒有塑封', '2018-11-30 21:56:39');
INSERT INTO `list` VALUES ('20', '面膜', '原泥动力【天生好泥 净肤养肤】原泥动力LAHAR POWER 五大连池天然火山泥膜原泥浆面膜 (清养）150ml 矿物泥膜 深层清洁毛孔 祛黑头', '优选来自世界生物圈保护区—五大连池的天然火山泥，深层清洁毛孔污垢，吸附油光，改善粗糙质感，轻松养成净美素颜。', 'img/list20.jpg', 'img/G20.jpg', null, '5.4', '138.0', '75.0', null, '原泥动力', '2020', '150ml', '深层清洁', '中国大陆', '6.95746E+12', '包装：瓶', '2018-11-30 17:53:29');
INSERT INTO `list` VALUES ('21', '面膜', '韩束【见前任就敷一片】韩束 山茶花补水保湿水嫩面膜22片 补水面膜', '', 'img/list21.jpg', 'img/G21.jpg', 'img/KANS.png', '2.7', '360.0', '99.0', null, '韩束', '2021', '均码', '补水，柔嫩，亮肤，细腻', '中国', '6.97076E+12', '', '2018-11-30 17:55:23');
INSERT INTO `list` VALUES ('22', '面膜', '百雀羚【学生党挚爱面膜】百雀羚 小雀幸静润补水保湿面膜20片 补水面膜', '，隐形蚕丝面膜，贴肤渗透注入植物之精华。', 'img/list22.jpg', 'img/G22.jpg', 'img/baiqueling.png', '3.7', '240.0', '89.0', null, '百雀羚', '2020', '30ml*10片', '清洁，补水，润泽', '中国江苏/上海', '6.92701E+12', '包装：外盒（具体以收到的实物包装为准）', '2018-11-30 21:56:58');
INSERT INTO `list` VALUES ('23', '面膜', '一叶子【酵醒糙肌】一叶子 植物酵素·多效 光感透润水嫩面膜 5片 补水面膜', '#酵素护肤新奢享#', 'img/list23.jpg', 'img/G23.jpg', 'img/yiyezi.png', '6.2', '79.0', '49.0', null, '一叶子', '2021', '5片', '#酵素护肤新奢享# ，一叶子补水面膜，添加酵素多效因子，AQUAXYL，保湿因子，牡丹精华萃取，深度补水，滋润紧致肌肤，提亮肤，肌肤平滑细腻，显粉润光泽。', '中国大陆', '6.9314E+12', '包装：有花盒塑封', '2018-11-30 22:03:35');
INSERT INTO `list` VALUES ('24', '面膜', '一叶子【肌肤深水炸弹】一叶子 山茶花补水天才面膜 10片 补水面膜', '#水润通透皮肤闪闪亮#', 'img/list24.jpg', 'img/G24.jpg', 'img/yiyezi.png', '7.5', '79.0', '59.0', null, '一叶子', '2021', '10片', '#水润通透皮肤闪亮#， 一叶子补水面膜，山茶花搭配小天才精华，从源头倾注饱满水动力，淡化干纹细纹，实现水亮状态。', '中国大陆', '6.97016E+12', '有花盒塑封', '2018-11-30 17:53:29');
INSERT INTO `list` VALUES ('25', '面膜', ' 一叶子【酵醒糙肌】一叶子 植物酵素·多效 水漾滢润保湿面膜 5片 保湿面膜 ', '#酵素护肤新奢享#', 'img/list25.jpg', 'img/G25.jpg', 'img/yiyezi.png', '6.2', '79.0', '49.0', null, '一叶子', '2021', '5片', '#酵素护肤新奢享#，一叶子保湿面膜，添加酵素因子深度补水，保湿嫩肤，有助于预防初纹', '江苏', '6.9314E+12', '包装：有花盒塑封', '2018-11-30 21:58:43');
INSERT INTO `list` VALUES ('26', '面膜', ' 一叶子【越睡越湿润美丽】一叶子诺丽果青春睡眠面膜135g免洗面膜 ', '【睡着也能补充鲜果精华】', 'img/list26.jpg', 'img/G26.jpg', 'img/yiyezi.png', '5.6', '99.0', '55.0', null, '一叶子', '2021', '135g', '【睡着也能补充，鲜果精华】，冰肌触感柔软光滑，其免洗的配方，方便实用，深入滋养修护肌肤，持续锁水保湿，让肌肤在夜间，咕噜咕噜喝饱水，清晨醒来水嘟嘟', '中国', '6.9314E+12', '包装：有花盒塑封', '2018-11-30 17:53:29');
INSERT INTO `list` VALUES ('27', '面膜', '一叶子【胡一天同款泥膜】一叶子 小彩泥绿豆清爽泥膜150g 清洁面膜泥膜 ', '【毛孔油腻清洁工', 'img/list27.jpg', 'img/G27.jpg', 'img/yiyezi.png', '4.5', '175.0', '79.0', null, '一叶子', '2021', '150g', '【毛孔油腻清洁工】，绿豆泥膜，绿豆提取物具有，清洁控油功效，改善肌肤，除油的状态，控油力max，采用了天然火山泥，一周2次，肌肤清透莹润', '中国', '6.97076E+12', '有花盒塑封', '2018-11-30 17:53:29');
INSERT INTO `list` VALUES ('28', '面膜', ' 一叶子【谁敷谁先美】一叶子 肽水嫩润颜面膜礼盒 18片 补水面膜 ', '#你要的功效我都有#', 'img/list28.jpg', 'img/G28.jpg', 'img/yiyezi.png', '2.5', '428.0', '109.0', null, '一叶子', '2021', '18片', '#你要的功效我都有#， 一叶子补水面膜，植物肽精粹搭配燕麦，沙棘，灵芝等天然成分，持续为肌肤补充养分，增加肌肤弹性，提升紧致度', '中国大陆', '6.97122E+12', '有花盒塑封', '2018-11-30 17:53:29');
INSERT INTO `list` VALUES ('29', '面膜', ' 韩束【白菜价养通透肌】韩束 黑石榴沁润面贴膜20片 净润面膜贴 ', '#密集呵护养成剔透肌#采用纤透膜布，灌注浓稠黑莓果黑石榴精华，深入肌底补充水份，密集养护，排除肌底浊质。', 'img/list29.jpg', 'img/G29.jpg', 'img/KANS.png', '3.2', '300.0', '95.0', null, '韩束', '2021', '', '#密集呵护，养成剔透肌#', '中国', '6.97122E+12', '', '2018-11-30 17:54:43');
INSERT INTO `list` VALUES ('30', '面膜', '膜法世家【你的毛孔清洁器】膜法世家海洋矿物净透平衡泥浆面膜145g', '#肌肤洁净更舒爽#膜法世家清洁面膜，来自澎湃深海精华，帮助肌肤清洁毛孔污垢，回归洁净水嫩状态。', 'img/list30.jpg', 'img/G30.jpg', 'img/mofashijia.jpg', '6.4', '139.0', '89.0', null, '膜法世家', '2021', '145g/盒', '清爽净透 水油平衡', '中国', '6.92088E+12', '有外盒有塑封', '2018-11-30 17:53:29');
INSERT INTO `list` VALUES ('31', '面膜', ' 膜法世家膜法世家水嫩亮采三合一气垫凝水面膜贴套盒21片装 补水面膜 ', '#get周冬雨同款水嫩肌#膜法世家气垫面膜，特殊的气垫膜材松软如棉花糖，敷感舒适，为肌肤持续补水、嫩肤、亮肤，拥有像周冬雨一样的水嫩肌。', 'img/list31.jpg', 'img/G31.jpg', 'img/mofashijia.jpg', '1.9', '415.0', '79.0', null, '膜法世家', '3', '', '凝水保湿', '中国', '6.92088E+12', '', '2018-11-30 17:54:42');
INSERT INTO `list` VALUES ('32', '面膜', ' 膜法世家【寻“蜜”亮采肌】膜法世家蜂蜜柚子面膜125g 补水保湿面膜 ', '#给肌肤来点“甜头”#膜法世家蜂蜜柚子面膜。美白淡斑，润泽亮肤。滋润蜂蜜+维C柚子，肌肤亮白透出来', 'img/list32.jpg', 'img/G32.jpg', 'img/mofashijia.jpg', '6.5', '136.0', '89.0', null, '膜法世家', '2021', '125g/盒', '雪肌无瑕，滋养亮肤', '中国', '6.92088E+12', '有外盒有塑封', '2018-11-30 17:53:29');
INSERT INTO `list` VALUES ('33', '面膜', '小迷糊【青春礼盒】小迷糊缤纷果蔬鲜润焕亮青春礼盒面膜 补水面膜 ', '#皮肤的水库#小迷糊缤纷果蔬礼盒，萃取多种新鲜蔬果成分，合理搭配，补水保湿，清爽滋润', 'img/list33.jpg', 'img/G33.jpg', 'img/xiaomihu.png', '2.3', '299.0', '69.0', null, '小迷糊', '2021', '25ml/21片', '补水、亮肤、保湿', '中国', '6.92088E+12', '', '2018-11-30 17:54:40');
INSERT INTO `list` VALUES ('34', '面膜', '小迷糊小迷糊小海洋水光面膜套装 25ml*21片 补水面膜套装 见实物', '#补水清洁爆款升级#小迷糊小海洋面膜套装，搭配胶原蛋白，渗透补水，给您的肌肤源源倾注澎湃水润能量。', 'img/list34.jpg', 'img/G34.jpg', 'img/xiaomihu.png', '1.9', '369.0', '69.0', null, '小迷糊', '2021', '25ml/21片', '补水、保湿、亮肤', '中国', '6.92088E+12', '', '2018-11-30 17:54:40');
INSERT INTO `list` VALUES ('35', '面膜', '小迷糊【补水面膜】牛油果滋润保湿面膜7片 ', '#保湿润肤营养滋润#小迷糊牛油果补水面膜，牛油果精粹补水，令肌肤水润满满，帮助提升肌肤含水量，水润满溢。', 'img/list35.jpg', 'img/G35.jpg', 'img/xiaomihu.png', '3.7', '79.0', '29.0', null, '小迷糊', '2021', ' 30ml/7片', '滋润，保湿，水润', '中国', '6.92088E+12', '', '2018-11-30 21:59:54');
INSERT INTO `list` VALUES ('36', '面膜', '自然之名自然之名 EVM 烟酰胺亮颜焕透原液面膜7片 提亮肤色 如图 ', '暗沉肌的“急救面膜”，富含3重提亮复合因子，烟酰胺+维生素C+传明酸，均匀提亮肤色，复配滋润保湿因子，肌肤水润剔透，光彩照人。', 'img/list36.jpg', 'img/G36.jpg', 'img/ziranzhiming.jpg', '4.5', '138.0', '62.0', null, '自然之名', '2021', '', '焕采亮颜，提亮细无声，赋予健康水润生机', '中国', '6.92088E+12', '包装:外盒塑封', '2018-11-30 17:54:03');
INSERT INTO `list` VALUES ('37', '面膜', '高姿【补水高性价比】高姿COGI 海藻沁透保湿面膜20片 锁水 ', '', 'img/list37.jpg', 'img/G37.jpg', 'img/COGI.png', '1.7', '200.0', '34.0', null, '高姿', '2021', '25ml/片', '补水、滋润', '中国', '6.92088E+12', '', '2018-11-30 17:55:32');
INSERT INTO `list` VALUES ('38', '面膜', '红色小象一敷即爱上 红色小象 羊乳滋养亮肤面膜25ml*20 孕妈补水提亮面膜 ', '#去你的孕肌暗沉黄气#万千赞誉人气面膜，优质棉柔膜布贴合脸型，纯正羊乳精华和烟酰胺有效补水提亮，改善暗黄气色。', 'img/list38.jpg', 'img/G38.jpg', 'img/hongsexiaoxiang.png', '3.7', '269.0', '99.0', null, '红色小象', '2021', '20片装', '#脸如羊乳般润透亮#', '中国', '6.92088E+12', '无配件', '2018-11-30 17:53:29');
INSERT INTO `list` VALUES ('39', '面膜', '芭妮兰Banila CO 芭妮兰 茶语面膜 补水面膜 ', '茶语养肤，保湿补水，展现粉嫩肌~', 'img/list39.jpg', 'img/G39.jpg', null, '6.7', '15.0', '10.0', null, '芭妮兰', '2021', '1片', '保湿，补水，舒缓补水，提亮肤色', '韩国', '6.92088E+12', '', '2018-11-30 17:54:34');
INSERT INTO `list` VALUES ('40', '面膜', '膜法世家【买一送一 共42片】膜法世家水嫩亮采三合一气垫凝水面膜贴套盒买共42片（B.Duck小黄鸭定制版） 补水面膜套盒  补水面膜', '#新型气垫凝水面膜#膜法世家补水面膜，为肌肤持续补水、嫩肤、亮肤，特殊的气垫膜材松软如棉花糖，敷感舒适，为你凝驻水光嫩滑肌。', 'img/list40.jpg', 'img/G40.jpg', 'img/mofashijia.jpg', '2.6', '415.0', '109.0', null, '膜法世家', '三', '', '凝水保湿', '中国', '6.92088E+12', '', '2018-11-30 17:54:34');
INSERT INTO `list` VALUES ('41', '面膜', '膜法世家【学生党剁手款】膜法世家竹萃滢润嫩肤蚕丝面膜20片 ', '#给肌肤喝饱水#膜法世家补水面膜，滢润补水 亮泽嫩肤，含丰富的竹萃精华，补水保湿，牢牢锁住水分，肌肤水漾透现。', 'img/list41.jpg', 'img/G41.jpg', 'img/mofashijia.jpg', '2.0', '398.0', '79.0', null, '膜法世家', '2021', '20片/盒', '滢润补水 亮泽嫩肤', '中国', '6.92088E+12', '有外盒有塑封', '2018-11-30 17:53:29');
INSERT INTO `list` VALUES ('42', '面膜', 'LarastyleLara style控痘补水蚕丝面膜套装18片装面膜 清洁 控油 祛痘 收毛孔', '18片套装蚕丝面膜、补水美白女用淡化祛痘去痘印黑头贴片 蜗牛原液玫瑰精华茶树精华', 'img/list42.jpg', 'img/G42.jpg', 'img/Lara.png', '2.0', '296.0', '59.0', null, 'Larastyle', '2021', '25g*18', '持续控痘，补水保湿', '中国', '6.92088E+12', '包装：有外盒有塑封', '2018-11-30 17:53:29');
INSERT INTO `list` VALUES ('43', '面膜', '膜法世家【实力调理控油】膜法世家薰衣草净颜调理泥浆面膜135g 深层清洁泥膜 ', '#油性肌肤的控油法宝#膜法世家控油泥浆面膜，清洁控油 调理净化，结合多重植物精粹，帮助焕亮肌肤调理控油。', 'img/list43.jpg', 'img/G43.jpg', 'img/mofashijia.jpg', '6.0', '149.0', '89.0', null, '膜法世家', '2021', '135g/盒', '清洁控油 调理净化', '中国', '6.92088E+12', '有外盒有塑封', '2018-11-30 17:53:29');
INSERT INTO `list` VALUES ('44', '面膜', '曼秀雷敦【补水润泽 睡眠面膜】曼秀雷敦Mentholatum 肌研糀润雪凝晚霜50g 睡眠面霜 女士补水保湿', '补水保湿', 'img/list44.jpg', 'img/G44.jpg', 'img/manxiuleidun.png', '6.1', '342.0', '209.0', null, '曼秀雷敦', '2021', ' 50g', '补水保湿 睡眠面霜', '中国', '6.92088E+12', '', '2018-11-30 17:54:30');
INSERT INTO `list` VALUES ('45', '面膜', '曼秀雷敦【茶树控油 净滑嫩肌】曼秀雷敦Mentholatum 茶树控油面膜22ml*5片迪士尼', '控油', 'img/list45.jpg', 'img/G45.jpg', 'img/manxiuleidun.png', '7.2', '50.0', '36.0', null, '曼秀雷敦', '2021', ' 22ml*5片', '控油', '中国', '6.92088E+12', '', '2018-11-30 17:54:30');
INSERT INTO `list` VALUES ('46', '面膜', '曼秀雷敦【润泽补水 柔嫩婴儿肌】曼秀雷敦Mentholatum 玫瑰补水面膜22ml*5片迪士尼', 'Q宠来袭，深层控油，净滑美肌', 'img/list46.jpg', 'img/G46.jpg', 'img/manxiuleidun.png', '7.2', '50.0', '36.0', null, '曼秀雷敦', '2021', ' 22ml*5片', '保湿锁水，滋养肌肤', '中国', '6.92088E+12', '', '2018-11-30 17:54:30');
INSERT INTO `list` VALUES ('47', '面膜', '丸美【人气保湿加享面膜】MARUBI 丸美 深肌保湿面膜双盒装 保湿面膜', '#3D补水长效保湿# 深润保湿面膜，水活保湿力，帮助肌肤储水、锁水、补水，亲肤贴合设计，淡化肌肤细纹，紧致肌肤，收缩毛孔', 'img/list47.jpg', 'img/G47.jpg', 'img/wanmei.png', '1.9', '258.0', '48.0', null, '丸美', '2021', '3片/盒*2', '水润清透，补水保湿', '中国', '6.92088E+12', '有外盒有塑封', '2018-11-30 22:00:16');
INSERT INTO `list` VALUES ('48', '面膜', ' 御泥坊黑珍珠盈润亮采黑面膜21片 ', '网红达人力荐的男女式补水亮肤黑膜，学生党白领挚爱，加入韩国黑珍珠精华，补水保湿，改善黯哑，收缩毛孔，皮肤细腻诱人！', 'img/list48.jpg', 'img/G48.jpg', 'img/yunifang.png', '2.0', '396.0', '79.0', null, '御泥坊', '2021', '均码', '补水莹润 透亮光泽', '中国', '6.92088E+12', '包装：有袋装有塑封', '2018-11-30 17:53:29');
INSERT INTO `list` VALUES ('49', '面膜', '御泥坊【熬夜必备面膜】御泥坊皙白透亮睡眠面膜90g', '#嫩白肌肤睡出来# 御泥坊皙白睡眠面膜，白领妈妈学生都在用的睡眠面膜，抓住夜晚黄金8小时，改善肌肤黯哑粗糙，嫩白绽放，睡觉也能白！', 'img/list49.jpg', 'img/G49.jpg', 'img/yunifang.png', '8.0', '99.0', '79.0', null, '御泥坊', '2021', '90g', '水漾清润，美白提亮', '中国', '6.92088E+12', '包装：有外盒有塑封', '2018-11-30 17:53:29');
INSERT INTO `list` VALUES ('50', '面膜', '御泥坊【亲民补水谁能比】御泥坊玫瑰滋养面膜7片 补水面膜 其它颜色', '#岂止补水更锁水#学生白领妈妈都爱用，双重玫瑰萃取，为缺水肌蓄满充足水分，持续给肌肤注入有效水润亮泽活力，补水更锁水，肌肤嘭嘭水活力。', 'img/list50.jpg', 'img/G50.jpg', 'img/yunifang.png', '5.5', '89.0', '49.0', null, '御泥坊', '2021', '7片', '水漾出击，保湿滋润', '中国', '6.92088E+12', '包装：有外盒有塑封', '2018-11-30 17:53:29');
INSERT INTO `list` VALUES ('51', '面膜', '瓷妆瓷妆 雪肌净澈补水白皙保湿护肤套装（洁面乳 素颜霜 面膜 爽肤水）4件套 其他颜色', '总也白不回来都怪清洁没到位，可以卸妆的洁面加上深层清洁的面膜，上妆就选不会残留的素颜霜，白回去？超简单！', 'img/list51.jpg', 'img/G51.jpg', 'img/cizhuang.png', '2.2', '455.0', '99.0', null, '瓷妆', '2021', '均码', '提亮、祛黄、清净', '中国', '6.92088E+12', '包装：有外盒有塑封', '2018-11-30 17:53:29');
INSERT INTO `list` VALUES ('52', '面膜', '自然共和国原自然乐园 芦荟舒缓保湿凝胶300ml三只超值装 滋润保湿面膜 芦荟胶 修护补水锁水', '蕴含92%天然芦荟精华的芦荟胶，补水保湿，舒缓修护，给痘痘肌肤安全有效的呵护。', 'img/list52.jpg', 'img/G52.jpg', 'img/natrue.png', '2.9', '269.0', '79.0', null, '自然共和国原', '2021', '均码', ' 控油保湿，补水修护', '中国', '6.92088E+12', '袋装', '2018-11-30 17:53:29');
INSERT INTO `list` VALUES ('53', '面膜', '李医生【肌肤咕噜喝饱水】李医生 李士补水面膜12片 补水保湿 新旧包装随机发货', '#肌肤的水库# 性价比高的补水面膜，含牛奶、人参精华，改善干燥粗糙的肌肤，不卡粉、不浮粉！', 'img/list53.jpg', 'img/G53.jpg', 'img/DOCIRLI.png', '7.0', '98.0', '69.0', null, '李医生', '2021', '12片', '水嫩细致，雪肤剔透', '中国', '6.92088E+12', '有外盒有塑封', '2018-11-30 22:00:23');
INSERT INTO `list` VALUES ('54', '面膜', '萌黛儿萌黛儿Moonstory纯棉压缩面膜纸100粒糖果装送面膜瓶 化妆工具 压缩面膜补水面膜', '#小体积大膜法#轻薄服帖省水，贴合肌肤纹理，锁水性好吸释均匀，适合深层补水润肤，体积小巧携带零压力。', 'img/list54.jpg', 'img/G54.jpg', 'img./moon.png', '6.4', '45.0', '29.0', null, '萌黛儿', '2021', '100粒', '纯棉，贴合，省水，卫生', '中国', '6.92088E+12', '包装：袋装', '2018-11-30 22:00:29');
INSERT INTO `list` VALUES ('55', '面膜', '奥洛菲奥洛菲OLEVA 雪颜焕采白美人面膜10片组合装 提亮肤色', '蕴含黄金山脉温泉水，补充肌肤水分，肌肤水感光泽。一天敷一片，肌肤水嫩透润！', 'img/list55.jpg', 'img/G55.jpg', 'img/oleva.png', '1.7', '225.0', '39.0', null, '奥洛菲', '2021', '10片', '补水保湿，提亮肤色', '中国', '6.92088E+12', '', '2018-11-30 22:00:33');
INSERT INTO `list` VALUES ('56', '面膜', '雅芳雅芳AVON 新活再生密集修护面膜5片装 面膜', '', 'img/list56.jpg', 'img/G56.jpg', 'img/yafang.png', '5.9', '220.0', '129.0', null, '雅芳', '2021', '20ml*5片', '', '中国', '6.92088E+12', '', '2018-11-30 17:55:37');
INSERT INTO `list` VALUES ('57', '面膜', '水之蔻【肌肤清透亮颜】水之蔻 汉唐花钿亮肤面膜（金花翼）6片 保湿 补水面膜', '#回到唐朝当娘娘# 水之蔻亮肤面膜 针对修复干燥肌肤，缓解缺水性肌肤过敏，面膜级的保湿乳液。', 'img/list57.jpg', 'img/G57.jpg', 'img/shuizhikou.png', '5.5', '99.0', '54.0', null, '水之蔻', '2021', '25g/片', '清透亮颜', '中国', '6.92088E+12', '包装：有外盒有塑封', '2018-11-30 17:53:29');
INSERT INTO `list` VALUES ('58', '面膜', '亲润亲润保湿补水面膜尊享礼盒18片装 孕妇护肤品化妆品 其它颜色', '多效润颜膜法，4重功效：水润舒缓、温润保湿、细致亮肤、紧致幼滑。', 'img/list58.jpg', 'img/G58.jpg', 'img/qinrun.jpg', '2.9', '338.0', '98.0', null, '亲润亲润', '2021', '', '', '中国', '6.92088E+12', '', '2018-11-30 17:54:22');
INSERT INTO `list` VALUES ('59', '面膜', 'PF79【一天一片 水润一天】PF79鲜果珍萃山竹面膜10片 无', '萃取水果精华，排浊养颜,增强弹性,清凉舒缓,莹润亮泽', 'img/list59.jpg', 'img/G59.jpg', 'img/pf79.png', '4.5', '65.0', '29.0', null, 'PF79', '2021', '10片', '', '中国', '6.92088E+12', '', '2018-11-30 17:54:20');
INSERT INTO `list` VALUES ('60', '面膜', '蒂佳婷【敏肌深层养护滋润】蒂佳婷Dr.Jart+锁水保湿面膜（盒）5片韩国舒缓滋润补水保湿药丸面膜', '片韩国舒缓滋润补水保湿药丸面膜锁水药丸面膜，专为干燥皮肤准备的快速急救面膜，高浓度神经酰胺，快速补水同时，在皮肤表层形成保湿层，防止水分蒸发。', 'img/list60.jpg', 'img/G60.jpg', 'img/Dr.Jart+.png', '10.0', '145.0', '145.0', null, '蒂佳婷', '2021', '25g*5ea', '补水，保湿，舒缓，紧致', '韩国', '6.92088E+12', '包装：纸盒无塑封', '2018-11-30 22:00:57');
INSERT INTO `list` VALUES ('61', '隔离', null, null, null, null, null, null, null, null, null, null, null, null, null, null, null, null, '2018-12-04 15:41:49');

-- ----------------------------
-- Table structure for user_inf
-- ----------------------------
DROP TABLE IF EXISTS `user_inf`;
CREATE TABLE `user_inf` (
  `user` varchar(255) NOT NULL COMMENT '账号',
  `psw` varchar(255) NOT NULL COMMENT '密码',
  `timer` timestamp NULL DEFAULT CURRENT_TIMESTAMP ON UPDATE CURRENT_TIMESTAMP,
  PRIMARY KEY (`user`)
) ENGINE=MyISAM DEFAULT CHARSET=utf8;

-- ----------------------------
-- Records of user_inf
-- ----------------------------
INSERT INTO `user_inf` VALUES ('13235947877', '123456', '2018-11-26 14:37:58');
INSERT INTO `user_inf` VALUES ('13235947876', '12345678', '2018-11-26 17:29:06');
INSERT INTO `user_inf` VALUES ('13235947879', '123456789', '2018-12-03 16:25:50');
SET FOREIGN_KEY_CHECKS=1;
